id,date,phone,email,category
1,2024-01-15,+15551234567,alice@email.com,Male
2,2024-01-15,+15559876543,bob@email.com,Male
3,2024-01-20,+15551234567,charlie2@email.com,Male
4,2024-02-01,+15558765432,diana@email.com,Female
5,2024-02-01,+15558765432,eve@email.com,Female
6,2024-02-10,+15551112222,frank@email.com,Male
7,2024-03-05,+15553334444,grace@email.com,Female
8,2024-03-05,+15553334444,henry@email.com,Male
9,2024-03-15,+15555556666,iris@email.com,Female
10,2024-04-20,+15557778888,jack@email.com,Male
11,2024-04-20,+15557778888,kate@email.com,Female
12,2024-04-25,+15559990000,liam@email.com,Male
13,2024-05-10,+15551231234,mia@email.com,Female
14,2024-05-10,+15551231234,noah@email.com,Male
15,2024-05-18,+15554564567,olivia@email.com,Female
16,2024-06-03,+15557897890,paul@email.com,Male
17,2024-06-03,+15557897890,quinn@email.com,Female
18,2024-06-12,+15552342345,rachel@email.com,Female
19,2024-07-08,+15558908901,sam@email.com,Male
20,2024-07-08,+15558908901,tara@email.com,Female
21,2024-07-22,+15553453456,uma@email.com,Female
22,2024-08-14,+15556786789,victor@email.com,Male
23,2024-08-14,+15556786789,wendy@email.com,Female
24,2024-08-28,+15551231231,xander@email.com,Male
25,2024-09-09,+15559019012,yara@email.com,Female
26,2024-09-09,+15559019012,zoe@email.com,Female
29,2024-01-20,+15551234567,charlie2@email.com,Male
30,2024-02-01,+15558765432,diana@email.com,Female
31,2024-02-01,+15558765432,eve@email.com,Female
32,2024-02-10,+15551112222,frank@email.com,Male
33,2024-03-05,+15553334444,grace@email.com,Female
34,2024-03-05,+15553334444,henry@email.com,Male
35,2024-03-15,+15555556666,iris@email.com,Female
36,2024-04-20,+15557778888,jack@email.com,Male
37,2024-04-20,+15557778888,kate@email.com,Female
38,2024-04-25,+15559990000,liam@email.com,Male
39,2024-05-10,+15551231234,mia@email.com,Female
40,2024-05-10,+15551231234,noah@email.com,Male
41,2024-05-18,+15554564567,olivia@email.com,Female
42,2024-06-03,+15557897890,paul@email.com,Male
43,2024-06-03,+15557897890,quinn@email.com,Female
44,2024-06-12,+15552342345,rachel@email.com,Female
45,2024-07-08,+15558908901,sam@email.com,Male
46,2024-07-08,+15558908901,tara@email.com,Female
47,2024-07-22,+15553453456,uma@email.com,Female
48,2024-08-14,+15556786789,victor@email.com,Male
49,2024-08-14,+15556786789,wendy@email.com,Female
50,2024-08-28,+15551231231,xander@email.com,Male
51,2024-09-09,+15559019012,yara@email.com,Female
52,2024-09-09,+15559019012,zoe@email.com,Female
53,2024-09-15,+15554444444,adam@email.com,Male
54,2024-09-20,+15553333333,bella@email.com,Female
55,2024-09-20,+15552222222,carlos@email.com,Male
56,2024-09-25,+15551111111,dana@email.com,Female
57,2024-10-01,+15557777777,ethan@email.com,Male
58,2024-10-01,+15556666666,fiona@email.com,Female
59,2024-10-10,+15555555555,george@email.com,Male
60,2024-10-15,+15558888888,hannah@email.com,Female
61,2024-10-15,+15559999999,ivan@email.com,Male
62,2024-10-20,+15550000000,julia@email.com,Female
63,2024-10-25,+15552222222,kevin@email.com,Male
64,2024-10-25,+15551111111,laura@email.com,Female
65,2024-10-30,+15553333333,marco@email.com,Male
66,2024-11-05,+15554444444,nina@email.com,Female
67,2024-11-05,+15555555555,oscar@email.com,Male
68,2024-11-10,+15556666666,petra@email.com,Female
69,2024-11-15,+15557777777,quinn2@email.com,Male
70,2024-11-15,+15558888888,rose@email.com,Female
71,2024-11-20,+15559999999,steve@email.com,Male
72,2024-11-25,+15550000001,tina@email.com,Female
73,2024-11-25,+15551111111,ulysses@email.com,Male
74,2024-11-30,+15552222223,vera@email.com,Female
75,2024-12-01,+15553333334,will@email.com,Male
76,2024-12-01,+15554444445,xena@email.com,Female
77,2024-12-05,+15555555556,yale@email.com,Male
78,2024-12-10,+15556666667,zelda@email.com,Female
79,2024-12-10,+15557777778,aaron@email.com,Male
80,2024-12-15,+15558888889,bianca@email.com,Female
81,2024-12-20,+15559999990,caleb@email.com,Male
82,2024-12-20,+15550000001,dora@email.com,Female
83,2024-12-25,+15551111112,evan@email.com,Male
84,2024-12-28,+15552222223,faith@email.com,Female
85,2024-12-28,+15553333334,greg@email.com,Male
89,2024-02-01,+15558765432,diana@email.com,Female
90,2024-02-01,+15558765432,eve@email.com,Female
91,2024-02-10,+15551112222,frank@email.com,Male
92,2024-03-05,+15553334444,grace@email.com,Female
93,2024-03-05,+15553334444,henry@email.com,Male
94,2024-03-15,+15555556666,iris@email.com,Female
95,2024-04-20,+15557778888,jack@email.com,Male
96,2024-04-20,+15557778888,kate@email.com,Female
97,2024-04-25,+15559990000,liam@email.com,Male
98,2024-05-10,+15551231234,mia@email.com,Female
99,2024-05-10,+15551231234,noah@email.com,Male
100,2024-05-18,+15554564567,olivia@email.com,Female
101,2024-06-03,+15557897890,paul@email.com,Male
102,2024-06-03,+15557897890,quinn@email.com,Female
103,2024-06-12,+15552342345,rachel@email.com,Female
104,2024-07-08,+15558908901,sam@email.com,Male
105,2024-07-08,+15558908901,tara@email.com,Female
106,2024-07-22,+15553453456,uma@email.com,Female
107,2024-08-14,+15556786789,victor@email.com,Male
108,2024-08-14,+15556786789,wendy@email.com,Female
109,2024-08-28,+15551231231,xander@email.com,Male
110,2024-09-09,+15559019012,yara@email.com,Female
111,2024-09-09,+15559019012,zoe@email.com,Female
112,2024-09-15,+15554444444,adam@email.com,Male
113,2024-09-20,+15553333333,bella@email.com,Female
114,2024-09-20,+15552222222,carlos@email.com,Male
115,2024-09-25,+15551111111,dana@email.com,Female
116,2024-10-01,+15557777777,ethan@email.com,Male
117,2024-10-01,+15556666666,fiona@email.com,Female
118,2024-10-10,+15555555555,george@email.com,Male
119,2024-10-15,+15558888888,hannah@email.com,Female
120,2024-10-15,+15559999999,ivan@email.com,Male
121,2024-10-20,+15550000000,julia@email.com,Female
122,2024-10-25,+15552222222,kevin@email.com,Male
123,2024-10-25,+15551111111,laura@email.com,Female
124,2024-10-30,+15553333333,marco@email.com,Male
125,2024-11-05,+15554444444,nina@email.com,Female
126,2024-11-05,+15555555555,oscar@email.com,Male
127,2024-11-10,+15556666666,petra@email.com,Female
128,2024-11-15,+15557777777,quinn2@email.com,Male
129,2024-11-15,+15558888888,rose@email.com,Female
130,2024-11-20,+15559999999,steve@email.com,Male
131,2024-11-25,+15550000001,tina@email.com,Female
132,2024-11-25,+15551111111,ulysses@email.com,Male
133,2024-11-30,+15552222223,vera@email.com,Female
134,2024-12-01,+15553333334,will@email.com,Male
135,2024-12-01,+15554444445,xena@email.com,Female
136,2024-12-05,+15555555556,yale@email.com,Male
137,2024-12-10,+15556666667,zelda@email.com,Female
138,2024-12-10,+15557777778,aaron@email.com,Male
139,2024-12-15,+15558888889,bianca@email.com,Female
140,2024-12-20,+15559999990,caleb@email.com,Male
141,2024-12-20,+15550000001,dora@email.com,Female
142,2024-12-25,+15551111112,evan@email.com,Male
143,2024-12-28,+15552222223,faith@email.com,Female
144,2024-12-28,+15553333334,greg@email.com,Male
145,2024-01-01,+15551111111,helen@email.com,Female
146,2024-01-02,+15552222222,ian@email.com,Male
147,2024-01-03,+15553333333,jane@email.com,Female
148,2024-01-04,+15554444444,kyle@email.com,Male
149,2024-01-05,+15555555555,lily@email.com,Female
150,2024-01-06,+15556666666,mike@email.com,Male
151,2024-01-07,+15557777777,nancy@email.com,Female
152,2024-01-08,+15558888888,owen@email.com,Male
153,2024-01-09,+15559999999,pam@email.com,Female
154,2024-01-10,+15550000000,quint@email.com,Male
155,2024-01-11,+15551112223,rita@email.com,Female
156,2024-01-12,+15552223334,sean@email.com,Male
157,2024-01-13,+15553334445,tessa@email.com,Female
158,2024-01-14,+15554445556,umar@email.com,Male
159,2024-01-15,+15555556667,vicky@email.com,Female
160,2024-01-16,+15556667778,wade@email.com,Male
161,2024-01-17,+15557778889,xara@email.com,Female
162,2024-01-18,+15558889990,yale2@email.com,Male
163,2024-01-19,+15559990001,zara@email.com,Female
164,2024-01-20,+15550001112,andy@email.com,Male
165,2024-01-21,+15551112222,beth@email.com,Female
166,2024-01-22,+15552223333,carl@email.com,Male
167,2024-01-23,+15553334444,debi@email.com,Female
168,2024-01-24,+15554445555,ed@email.com,Male
169,2024-01-25,+15555556666,fay@email.com,Female
170,2024-01-26,+15556667777,gary@email.com,Male
171,2024-01-27,+15557778888,hope@email.com,Female
172,2024-01-28,+15558889999,igor@email.com,Male
173,2024-01-29,+15559990000,jess@email.com,Female
174,2024-01-30,+15550001111,kent@email.com,Male
175,2024-01-31,+15551112222,lucy@email.com,Female
176,2024-02-01,+15552223333,matt@email.com,Male
177,2024-02-02,+15553334444,nora@email.com,Female
178,2024-02-03,+15554445555,otto@email.com,Male
179,2024-02-04,+15555556666,penny@email.com,Female
180,2024-02-05,+15556667777,quade@email.com,Male
181,2024-02-06,+15557778888,ruby@email.com,Female
182,2024-02-07,+15558889999,stan@email.com,Male
183,2024-02-08,+15559990000,teri@email.com,Female
184,2024-02-09,+15550001111,ulrich@email.com,Male
185,2024-02-10,+15551112222,val@email.com,Female
